Title,Address,Description,Price,Seller,Image
3 bedroom semi-detached house for sale,"Sunridge Avenue, Luton","***CHAIN FREE*** This well PRESENTED 3 bedroom Semi-Detached family home is situated within the popular area of ROUND GREEN is a MUST VIEW, offering great living space with off street parking, viewings advised CALL TODAY","£300,000","Connells, Stopsley",https://media.rightmove.co.uk:443/dir/crop/10:9-16:9/2k/1654/70956879/1654_STP305515_IMG_01_0000_max_476x317.JPG
3 bedroom semi-detached house for sale,"Fermor Crescent, Vauxhall Park, Luton, Bedfordshire, LU2 9HT",*** SPACIOUS & BEAUTIFULLY PRESENTED FAMILY HOME *** INDIGO RESIDENTIAL are delighted to offer for sale this EXCEPTIONAL family home. With LARGE FRONT & REAR gardens this property o...,"£300,000","Indigo Residential, Stopsley",https://media.rightmove.co.uk:443/dir/crop/10:9-16:9/75k/74104/95836355/74104_558466_IMG_01_0000_max_476x317.jpg
3 bedroom semi-detached house for sale,"Guardian Way, Luton",Looking for a family home close to the station? Walking distance to local amenities? Close proximity to local schools? Look no further !!!,"£300,000","haart, Luton",https://media.rightmove.co.uk:443/dir/crop/10:9-16:9/12k/11576/95015354/11576_0177_HRT017714923_IMG_02_0000_max_476x317.jpg
3 bedroom semi-detached house for sale,"Middle Green, Leighton Buzzard","DON'T MISS OUT on this three bedroom, recently refurbished, extended family home in the Vandyke Gardens area. Popular for it's family friendly vibe and close proximity to good schools and local parks that have recently been refurbished.","£300,000","Connells, Leighton Buzzard",https://media.rightmove.co.uk:443/dir/crop/10:9-16:9/2k/1663/89941568/1663_LBC309421_IMG_15_0000_max_476x317.JPG
3 bedroom detached house for sale,"Compton Avenue, Luton","Situated a stones throw from Leagrave mainline train station, with direct trains into London is this fabulous and realistically priced detached home. It would suit either a family or investor looking for a good return. The property offers great scope for further extension over the garage. Plannin...","£300,000","Penrose Estate Agents, Luton",https://media.rightmove.co.uk:443/dir/crop/10:9-16:9/67k/66264/69366507/66264_10234754_IMG_01_0000_max_476x317.jpg
3 bedroom semi-detached house for sale,"Aylesbury,Buckinghamshire,HP18",This well presented modern home is located within the sought after Berryfields development with access to schools and transport links to London.,"£300,000","Chancellors, Aylesbury",https://media.rightmove.co.uk:443/dir/crop/10:9-16:9/127k/126868/91741748/126868_3396322_IMG_01_0000_max_476x317.jpg
3 bedroom semi-detached house for sale,"Park Avenue, Houghton Regis, Dunstable",Growing Family? Need more space? LOOK NO FURTHER! Connells are pleased to bring to market this FANTASTIC FAMILY HOME in a highly desirable cul-de-sac in the ever popular Houghton Regis. Benefiting from an extension to the rear and also a loft room this home has masses of space,"£300,000","Connells, Dunstable",https://media.rightmove.co.uk:443/dir/crop/10:9-16:9/2k/1652/65456142/1652_DUN308367_IMG_01_0002_max_476x317.JPG
3 bedroom semi-detached house for sale,"Birdsfoot Lane, Luton, Bedfordshire, LU3 2HU","***EXTENDED CHAIN FREE FAMILY HOME*** Situated close to local amenities and benefits from a rear extension, new boiler, ground floor SHOWER ROOM, cloakroom, first floor BATHROOM and block p...","£300,000","Indigo Residential, Barton Road",https://media.rightmove.co.uk:443/dir/crop/10:9-16:9/23k/22718/95461439/22718_557085_IMG_01_0000_max_476x317.jpg
3 bedroom semi-detached house for sale,"Ellerdine, Luton","Located in the popular Icknield area of North Luton Connells offer this *EXTENDED* Four bedroom family home. Whilst local amenities are nearby there's easy access to transport links with Leagrave & Luton train station, and the M1 a short drive away. Call Connells now on .","£300,000","Connells, Luton North - Sales",https://media.rightmove.co.uk:443/dir/crop/10:9-16:9/177k/176003/87192647/176003_LUN100941_IMG_01_0001_max_476x317.JPG
4 bedroom park home for sale,"Park Homes, St. Albans, Hertfordshire","Rarely available is this FOUR BEDROOM detached, park home located in this popular road in St Albans. The property offers DOUBLE GLAZING, GAS CENTRAL HEATING, REFITTED KITCHEN/BREAKFAST ROOM and REFITTED FOUR PIECE BATHROOM. Further benefits include PARKING for up to four cars and a enclosed rear...","£300,000","Barkers, Shenley",https://media.rightmove.co.uk:443/dir/crop/10:9-16:9/15k/14584/76725208/14584_29379742_IMG_13_0000_max_476x317.jpg
3 bedroom link detached house for sale,"Marsom Grove, Luton","We are delighted to offer this three bedroom link detached house in this very desirable part of North Luton. The property is offered CHAIN FREE and comes with plenty of living space downstairs, a garage with a driveway and a fantastic private garden. Locally you have shops and a supermarket.","£300,000","Yopa, East Anglia",https://media.rightmove.co.uk:443/dir/crop/10:9-16:9/204k/203810/68311443/203810_167213_IMG_01_0000_max_476x317.jpg
3 bedroom house for sale,"Kirkwood Road, Luton","A well presented THREE bedroom semi-detached FAMILY HOME. With OFF-ROAD PARKING for several cars, a conservatory & solar panels. The property is a high standard through-out with a well maintained garden, recently refurbished bathroom and good size kitchen/diner. The property is in an e...","£300,000","Zebra Properties, Houghton Regis",https://media.rightmove.co.uk:443/dir/crop/10:9-16:9/16k/15308/96188216/15308_29918232_IMG_01_0000_max_476x317.jpg
3 bedroom semi-detached house for sale,"Westmorland Avenue, Luton",*** Chain Free near main line train station *** This well presented three bedroom semi detached property located within short distance of the mainline train station and local amenities. This property also has the potential to extend S.T.P.P. Call today to arrange a viewing.,"£300,000","Connells, Leagrave",https://media.rightmove.co.uk:443/dir/crop/10:9-16:9/2k/1655/83037271/1655_LGR308543_IMG_01_0000_max_476x317.jpg
3 bedroom semi-detached house for sale,"Walcot Avenue, Luton, Bedfordshire, LU2","An extensive family home with an outstanding garden feature situated in the popular Round Green area. This traditional semi-detached house has been lovingly cared for and improved by the current owners. The improvement includes re fitted kitchen and bathroom, double glazed windows and extensive ...","£300,000","Giggs & Bell, Stopsley, Luton",https://media.rightmove.co.uk:443/dir/crop/10:9-16:9/166k/165656/95411012/165656_GAB200192_IMG_01_0000_max_476x317.jpg
3 bedroom semi-detached house for sale,"Exton Avenue, Luton","This LOVELY traditional 3 BEDROOM SEMI-DETACHED family home is situated on the sought after road of EXTON AVENUE in the popular area of ROUND GREEN and offers plenty of living space. The property is close to local amenities, great commuter links, and within good School catchments. VIEWINGS ADVISED","£300,000","Connells, Stopsley",https://media.rightmove.co.uk:443/dir/crop/10:9-16:9/2k/1654/72261291/1654_STP305742_IMG_04_0000_max_476x317.jpg
3 bedroom semi-detached house for sale,"Beaconsfield, Luton, LU2",Key features Three double bedrooms Driveway & Garage Front & Rear Gardens Large fitted Kitchen Large Lounge / Dining Room Double Glazing and Central Heating Located in the popular St Anne's area of Luton   Close to good local schools Excellent transport...,"£300,000","Strike, Nationwide",https://media.rightmove.co.uk:443/dir/crop/10:9-16:9/30k/29376/95796296/29376_HSS140284_IMG_01_0000_max_476x317.jpeg
3 bedroom semi-detached house for sale,"Rutland Crescent, Luton",Situated within the very popular St. Annes area of Luton is this superb and very well proportioned three bedroom family home. This style of property benefits from large rooms and has also undergone a great deal of modernisation and upgrades over the years. This location is perfect for both famili...,"£300,000","Penrose Estate Agents, Luton",https://media.rightmove.co.uk:443/dir/crop/10:9-16:9/67k/66264/69286989/66264_10231108_IMG_01_0000_max_476x317.jpg
3 bedroom semi-detached house for sale,"Ereswell Road, Limbury Mead, Luton, Bedfordshire, LU3 2UH","***STUNNING EXTENDED FAMILY HOME*** Well presented property located in the sought after LIMBURY MEAD area, EXTENDED kitchen/breakfast room, DETACHED garage, driveway for 2-3 cars and beauti...","£300,000","Indigo Residential, Barton Road",https://media.rightmove.co.uk:443/dir/crop/10:9-16:9/23k/22718/93782294/22718_551994_IMG_01_0000_max_476x317.jpg
3 bedroom semi-detached house for sale,"Ilford Close, Luton, Bedfordshire, LU2","AN IDEAL PURCHASE FOR A GROWING FAMILY that are interested in wellbeing and leisure though equally want to be connected to the excellent transport connections that the area has to offer such as motorways, high speed train travel and, an aspiring international airport. The home is conveniently clo...","£300,000","Giggs & Bell, Stopsley, Luton",https://media.rightmove.co.uk:443/dir/crop/10:9-16:9/166k/165656/92623010/165656_GAB170010_IMG_01_0000_max_476x317.jpg
3 bedroom semi-detached house for sale,"Richmond Road, Leighton Buzzard","GOOD SCHOOL CATCHMENT. Situated on a popular residential road in Leighton Buzzard is this WELL PRESENTED, SEMI-DETACHED, family home. Benefits include: separate reception rooms, utility room, conservatory, family bathroom, gardens and off road parking.","£300,000","Brown & Merry, Leighton Buzzard",https://media.rightmove.co.uk:443/dir/crop/10:9-16:9/2k/1962/84462278/1962_LBZ106270_IMG_04_0002_max_476x317.jpg
4 bedroom semi-detached house for sale,"Stockingstone Road, Luton, LU2","Offered With No Onward Chain Extended Downstairs Shower Room / Annexe We are delighted to offer for sale this spacious extended three/four bedroom semi-detached property ideally located on the popular Stockingstone Road. Decorated beautifully throughout, this property comprises of: Entrance Po...","£300,000","Purplebricks, covering London",https://media.rightmove.co.uk:443/dir/crop/10:9-16:9/152k/151079/71996124/151079_432451-1_IMG_01_0000_max_476x317.jpg
3 bedroom semi-detached house for sale,"Brookside Walk, Leighton Buzzard LU7 3LA","Let's Go Fly A Kite... Up To The Highest Height... Let's Go Fly A Kite and Send It Soaring. There's plenty of green space to fly your kite here in this family-friendly area of Leighton Buzzard. A short walk to town, good schools, shops and amenities await your Mary Poppins lifestyle.","£300,000","EweMove, Leighton Buzzard",https://media.rightmove.co.uk:443/dir/crop/10:9-16:9/206k/205637/95512901/205637_31711_IMG_01_0000_max_476x317.jpg
3 bedroom semi-detached house for sale,"Park Street, Luton, Bedfordshire","The Express Estate Agency is proud to offer this Three Bedroom Semi Detached – all interest and OFFERS are INVITED. *Guide Price: £300,000 - £310,000* INTERNAL: Entrance Hall - The front entrance door opens to the hall, with the staircase to th...","£300,000","Express Estate Agency, Nationwide",https://media.rightmove.co.uk:443/dir/crop/10:9-16:9/62k/61544/81060163/61544_4849087_IMG_01_0000_max_476x317.jpg
3 bedroom semi-detached house for sale,"Rowelfield, Luton","Ideal Properties are pleased to offer For Sale this three bedroom semi-detached house on a corner plot. The property is located in the popular Stopsley area and offers easy access to London Luton Airport and other local amenities. The accommodation comprises of entrance hall, lounge, kitchen, lea...","£300,000","Ideal Properties, Luton - Sales",https://media.rightmove.co.uk:443/dir/crop/10:9-16:9/174k/173666/70014680/173666_27372255_IMG_01_0000_max_476x317.jpg
4 bedroom semi-detached house for sale,"Kinross Crescent, Luton","***GUIDE PRICE OF £300,000 TO £325,000*** Haart in Leagrave have been instructed to list this DOUBLE STOREY EXTENDED semi detached family home on Kinross Crescent, Luton, LU3!","£300,000","haart, Leagrave",https://media.rightmove.co.uk:443/dir/crop/10:9-16:9/34k/33185/75321865/33185_0296_HRT029608987_IMG_56_0001_max_476x317.jpg
3 bedroom semi-detached house for sale,"Rutland Crescent, Luton",Situated within the very popular St. Annes area of Luton is this superb and very well proportioned three bedroom family home. This style of property benefits from large rooms and has also undergone a great deal of modernisation and upgrades over the years. This location is perfect for both famili...,"£300,000","Penrose Estate Agents, Luton",https://media.rightmove.co.uk:443/dir/crop/10:9-16:9/67k/66264/69286989/66264_10231108_IMG_01_0000_max_476x317.jpg
4 bedroom semi-detached house for sale,"Watling Place, Houghton Regis, LU5","We are delighted to offer for sale this THREE/FOUR Bedroom family home situated in a private cul-de-sac in Bidwell Hill area of Houghton Regis. This generously sized semi detached home is in the heart of Houghton Regis, ideally located for local shops, and a short walk to local school,bus links t...","£300,000","Purplebricks, covering London",https://media.rightmove.co.uk:443/dir/crop/10:9-16:9/152k/151079/68988477/151079_907759-1_IMG_01_0000_max_476x317.jpg
3 bedroom semi-detached house for sale,"Hillfoot Road, Shillington, Hitchin",A three bedroom semi in need of complete refurbishment situated in the popular village of Shillington. This property would suit a growing family perfectly.,"£300,000","Connells, Hitchin",https://media.rightmove.co.uk:443/dir/crop/10:9-16:9/2k/1650/76609069/1650_HIT305553_IMG_01_0001_max_476x317.JPG
3 bedroom semi-detached house for sale,"Sunridge Avenue, Luton","***CHAIN FREE*** This well PRESENTED 3 bedroom Semi-Detached family home is situated within the popular area of ROUND GREEN is a MUST VIEW, offering great living space with off street parking, viewings advised CALL TODAY","£300,000","Connells, Stopsley",https://media.rightmove.co.uk:443/dir/crop/10:9-16:9/2k/1654/70956879/1654_STP305515_IMG_01_0000_max_476x317.JPG
3 bedroom semi-detached house for sale,"Richmond Hill, Luton","Located in the sought after Round Green area of Luton is this three bedroom semi detached family home. The property has been well looked after by the current owner who offers it to the market in fantastic condition throughout. Accommodation comprises of entrance hall, lounge, dining room, modern ...","£300,000","Penrose Estate Agents, Luton",https://media.rightmove.co.uk:443/dir/crop/10:9-16:9/67k/66264/72554790/66264_10434310_IMG_01_0000_max_476x317.jpg
3 bedroom detached house for sale,"Hockliffe Road, Leighton Buzzard, Bedfordshire","SQUARES THE ESTATE AGENT ARE PLEASED TO OFFER AN EXTENDED 3 BEDROOM DETACHED BAY FRONTED FAMILY HOME FOR SALE, No upper chain, Non estate location, Parking for 2 cars to the rear, Enclosed rear garden with a large shed, Ensuite shower room to master loft bedroom, Lou...","£300,000","Squares Estate Agents, Leighton Buzzard",https://media.rightmove.co.uk:443/dir/crop/10:9-16:9/10k/9002/92636669/9002_4843162_IMG_01_0000_max_476x317.jpg
3 bedroom semi-detached house for sale,"Hollybush Road, Luton, Bedfordshire, LU2","Taylors Estate Agents are delighted to offer for sale this three bedroom semi detached property with spacious accommodation in the Vauxhall Park area of Stopsley. The property briefly comprises a large entrance hallway, lounge, dining room, kitchen, three good size bedrooms, bathroom, off st...","£300,000","Taylors Estate Agents, Luton",https://media.rightmove.co.uk:443/dir/crop/10:9-16:9/1k/443/82340599/443_LST180208_IMG_01_0000_max_476x317.jpg
3 bedroom semi-detached house for sale,"Borrowdale Avenue, Dunstable, Bedfordshire, LU6","Alexander And Co are pleased to offer for sale this extended three bedroom semi-detached family home situated in the popular South West Dunstable area. The property benefits from storm porch, entrance hall, kitchen, lounge / diner, utility room, study, conservatory, landing, three bed...","£300,000","Alexander & Co, Dunstable",https://media.rightmove.co.uk:443/dir/crop/10:9-16:9/129k/128515/91776977/128515_DUS190414_IMG_01_0000_max_476x317.jpg
3 bedroom detached house for sale,"Allen Close, Dunstable, Bedfordshire",Located in the desirable PRIORY area of Dunstable is this DETACHED home offering plenty of POTENTIAL TO IMPROVE and EXTEND (STPP). Benefits include a DETACHED SINGLE GARAGE and DRIVEWAY FOR MULTIPLE VEHICLES and SEPARATE RECEPTIONS. Once a THREE BEDROOM HOME which would be easy to convert back.,"£300,000","Household Estate Agents, Dunstable",https://media.rightmove.co.uk:443/dir/crop/10:9-16:9/4k/3379/71156892/3379_29713457_IMG_01_0000_max_476x317.jpg
3 bedroom semi-detached house for sale,"High Wycombe,Buckinghamshire,HP13","This three bedroom semi-detached home features two reception rooms, kitchen and a family bathroom. There is also a shared driveway and rear garden.","£300,000","Chancellors, High Wycombe",https://media.rightmove.co.uk:443/dir/crop/10:9-16:9/31k/30458/93009974/30458_3428365_IMG_01_0000_max_476x317.jpg
3 bedroom semi-detached house for sale,"Longcroft Road, Farley Hill, SHORT DISTANCE TO TOWN CENTRE AND TRAIN STATION","*REF: AA0047 CALL TO BOOK YOUR VIEWING NOW* Spacious and lovely 3 bedroom semi-detached with potential for large extension - STPP! Must be viewed to be appreciated!  
","£300,000","eXp UK, London",https://media.rightmove.co.uk:443/dir/crop/10:9-16:9/214k/213791/83451562/213791_S7759_IMG_01_0000_max_476x317.jpg
3 bedroom house for sale,"Redwood Drive, Luton","We are Pleased to offer for sale this EXTENDED three bedroom semi-detached home in the heart of Sundon Park. This lovely family home is set in great location for easy access to Leagrave mainline train station, local shops and great school catchments","£300,000","Benjamin Stevens, Edgware",https://media.rightmove.co.uk:443/dir/crop/10:9-16:9/94k/93881/83772029/93881_28484994_IMG_01_0000_max_476x317.png
3 bedroom semi-detached house for sale,"Mansfield Road, Baldock, SG7","This fantastic three-bedroom family home situated on a corner plot with a great sized private rear garden. The property is ideally situated in a quiet residential location within walking distance of the High Street, good schools and train station.","£300,000","Satchells Estate Agents, Baldock",https://media.rightmove.co.uk:443/dir/crop/10:9-16:9/11k/10966/93865163/10966_17611718_IMG_01_0001_max_476x317.JPG
3 bedroom semi-detached house for sale,"Sunridge Avenue, Luton","AN ORDERLY RETREAT Occupying a generous sized plot the downstairs spread of accommodation is befitting of a lifestyle many prospective purchasers in this location enjoy with three reception rooms to include a bay fronted lounge, separate dining room and breakfast room","£300,000","haart, Stopsley",https://media.rightmove.co.uk:443/dir/crop/10:9-16:9/12k/11515/83264791/11515_0207_HRT020708927_IMG_01_0000_max_476x317.jpg
3 bedroom semi-detached house for sale,"Bellona Drive, Leighton Buzzard","*** VIDEO VIEWING ***
Quarters are delighted to offer for sale this three bedroom semi-detached family home located on this popular modern development which falls within catchment area of the sought after Greenleas (Kestrel Way), Leighton Middle and Cedars Upper School. The property is presented ...","£299,995","Quarters Estate Agents, Leighton Buzzard",https://media.rightmove.co.uk:443/dir/crop/10:9-16:9/53k/52944/80978884/52944_29720261_IMG_01_0000_max_476x317.jpg
3 bedroom semi-detached bungalow for sale,"Falconers Road, Luton","Ideal Properties are pleased to offer for sale this three bedroom semi detached bungalow ideally located for transport with easy access to junction 10 on the M1, Luton Airport and local shopping. The property comprises of entrance hall, three double bedrooms, large lounge and diner , a fitted...","£299,995","Ideal Properties, Luton - Sales",https://media.rightmove.co.uk:443/dir/crop/10:9-16:9/174k/173666/76440263/173666_28277171_IMG_01_0000_max_476x317.jpg
3 bedroom semi-detached house for sale,"Bellona Drive, Leighton Buzzard","*** VIDEO VIEWING ***
Quarters are delighted to offer for sale this three bedroom semi-detached family home located on this popular modern development which falls within catchment area of the sought after Greenleas (Kestrel Way), Leighton Middle and Cedars Upper School. The property is presented ...","£299,995","Quarters Estate Agents, Leighton Buzzard",https://media.rightmove.co.uk:443/dir/crop/10:9-16:9/53k/52944/93907637/52944_29739755_IMG_01_0000_max_476x317.jpg
3 bedroom semi-detached house for sale,Immaculate 3 bed semi with utility room and cloakroom,"* URBAN & RURAL STOPSLEY * VIDEO TOUR * This very well presented family home has the added benefit of a downstairs cloakroom and utility room. CLICK THROUGH for more pictures, floorplan and VIDEO TOUR.... ","£299,995","Urban & Rural Property Services, Stopsley",https://media.rightmove.co.uk:443/dir/crop/10:9-16:9/11k/10932/71692536/10932_10357949_IMG_01_0000_max_476x317.jpg
3 bedroom semi-detached house for sale,"Sundon Park Road, Luton","** URBAN AND RURAL * UPGRADED BY CURRENT OWNERS * VIEWINGS ADVISED * REFITTED KITCHEN AND BATHROOM ** Situated in the Sundon Park area is this well presented three bedroom semi-detached property. Features include; Spacious entrance hall with understairs storage, lounge with electric feature log ...","£295,000","Urban & Rural Property Services, Leagrave",https://media.rightmove.co.uk:443/dir/crop/10:9-16:9/13k/12518/77878573/12518_9643218_IMG_01_0000_max_476x317.jpg
3 bedroom detached bungalow for sale,"Green Valley Park Homes, Whitehouse Lane, Wooburn Moor, HP10","The property which is located in a small park home development of just 12 homes, available to those aged 55 and over, has marvellous views at the rear over open countryside and well presented accommodation.","£295,000","The Frost Partnership, Beaconsfield",https://media.rightmove.co.uk:443/dir/crop/10:9-16:9/10k/9007/83808794/9007_360924_IMG_01_0000_max_476x317.jpg
4 bedroom semi-detached house for sale,"Mansfield Road, Luton","Located in the popular Dunstable Road area is this rarely available four bedroom semi detached home. The property has been heavily extended and is much larger than average, with accommodation to comprise of entrance porch and hall, lounge, sitting room, dining room, kitchen, utility room, ground ...","£295,000","Penrose Estate Agents, Luton",https://media.rightmove.co.uk:443/dir/crop/10:9-16:9/67k/66264/65044653/66264_9882645_IMG_01_0000_max_476x317.jpg
3 bedroom semi-detached house for sale,Milton Road.,"** URBAN & RURAL LUTON HUB * NO CHAIN * FULLY RE-FURBISHED * CALL TO SEE ** Situated a short distance to Luton Town Center is this beautifully presented three bedroom semi-detached. Features comprise of; Entrance porch, lounge area, kitchen with integrated washing machine, hob and oven, ample cu...","£295,000","Urban & Rural Property Services, Leagrave",https://media.rightmove.co.uk:443/dir/crop/10:9-16:9/13k/12518/82915681/12518_10225131_IMG_01_0000_max_476x317.jpg
3 bedroom semi-detached house for sale,"Troon Gardens, Luton","Situated on a quiet cul-de-sac in the sought after Bushmead area of Luton is this three bedroom semi-detached family home. Located in the popular LU2 area of Luton with surrounding countryside and easy access to local shops and schools, as well as offering excellent commuter links to the M1 and m...","£290,000","Local Agent Network, Central Bedfordshire",https://media.rightmove.co.uk:443/dir/crop/10:9-16:9/95k/94493/71766933/94493_10306245_IMG_15_0000_max_476x317.jpg
3 bedroom semi-detached house for sale,"Cotswold Gardens, Luton, Bedfordshire, LU3","Complete with a garage and generous garden, this three bedroom home built in the 1950's is an ideal property for families of all ages. Extended to increase kitchen size and include the addition of a ground floor wet room. The lounge and dining room have been opened up to create a light and airy l...","£290,000","Taylors Estate Agents, Leagrave",https://media.rightmove.co.uk:443/dir/crop/10:9-16:9/1k/440/72531987/440_RDK200227_IMG_01_0000_max_476x317.jpg
3 bedroom semi-detached house for sale,"Birchs Close, Hockliffe, Leighton Buzzard","Located within the popular VILLAGE LOCATION of HOCKLIFFE is this SEMI-DETACHED family home. With easy access to both the A5 and M1, the property benefits from lounge, kitchen/diner, three bedrooms, outbuildings and mature private rear garden.","£290,000","Brown & Merry, Leighton Buzzard",https://media.rightmove.co.uk:443/dir/crop/10:9-16:9/2k/1962/55360707/1962_LBZ105429_IMG_23_0001_max_476x317.JPG
3 bedroom semi-detached house for sale,"Exton Avenue, Luton","This LOVELY traditional 3 BEDROOM SEMI-DETACHED family home is situated on the sought after road of EXTON AVENUE in the popular area of ROUND GREEN and offers plenty of living space. The property is close to local amenities, great commuter links, and within good School catchments. VIEWINGS ADVISED","£300,000","Connells, Stopsley",https://media.rightmove.co.uk:443/dir/crop/10:9-16:9/2k/1654/72261291/1654_STP305742_IMG_04_0000_max_476x317.jpg
3 bedroom semi-detached house for sale,"Dexter Close, Luton",Presented to the market chain free and in great condition throughout is this three bedroom semi detached family home. Situated within the sought after Barton Hills area of North Luton it is a great choice for families. There is a host of great local schools and amenities on hand such as Sainsbury...,"£290,000","Penrose Estate Agents, Luton",https://media.rightmove.co.uk:443/dir/crop/10:9-16:9/67k/66264/72271062/66264_10410440_IMG_01_0000_max_476x317.jpg
3 bedroom semi-detached house for sale,"Limbury Road, Luton",Situated with close proximity to Leagrave mainline train station and Leagrave shopping parade is this handsome victorian semi detached property complete with high ceilings lovely bays and a host of traditional features. This location has become a favourite for commuters into London as well as fam...,"£290,000","Penrose Estate Agents, Luton",https://media.rightmove.co.uk:443/dir/crop/10:9-16:9/67k/66264/71029632/66264_10284046_IMG_01_0000_max_476x317.jpg
3 bedroom semi-detached house for sale,"Holgate Drive, Luton","A fabulous family home in Lewsey on the outskirts of Luton, and within easy reach of local amenities, the main town centre, and excellent transport links. The property has been maintained to a high standard, and has recently been updated with new double glazing and a replacement boiler.","£290,000","Yopa, East Anglia",https://media.rightmove.co.uk:443/dir/crop/10:9-16:9/204k/203810/93659435/203810_182597_IMG_19_0000_max_476x317.JPG
3 bedroom semi-detached house for sale,"Ereswell Road, Luton","Located in the ever so popular Limbury Mead is this attractive three bedroom family home on Ereswell Road. As you walk into the entrance hall you will find a spacious and inviting setting, set all throughout this home! Internally the property offers a lounge and a large kitchen/ dining room w...","£290,000","Venture Residential, Luton",https://media.rightmove.co.uk:443/dir/crop/10:9-16:9/126k/125461/71742969/125461_9817980_IMG_01_0000_max_476x317.jpg
3 bedroom semi-detached house for sale,"Beechwood Road, Luton","** URBAN AND RURAL LEGRAVE * GARAGE AND DRIVEWAY * CONSERVATORY * NO CHAIN ** Located within close distance to Leagrave train station is this well presented three bedroom semi-detached property. Features include; Entrance porch, entrance hall with understairs storage and cloakroom. Box fronted l...","£290,000","Urban & Rural Property Services, Leagrave",https://media.rightmove.co.uk:443/dir/crop/10:9-16:9/13k/12518/77373250/12518_10128312_IMG_01_0000_max_476x317.jpg
3 bedroom semi-detached house for sale,"Middle Green, Leighton Buzzard",VERY WELL PRESENTED FAMILY HOME - THREE WELL APPOINTED BEDROOMS - L-SHAPED LOUNGE/DINER - CONSERVATORY - REFITTED KITCHEN AND BATHROOM - GARAGE AND PARKING.,"£290,000","Inspired Sales and Lettings, Milton Keynes",https://media.rightmove.co.uk:443/dir/crop/10:9-16:9/136k/135272/72065679/135272_20001805_INSP_IMG_01_0000_max_476x317.jpg
3 bedroom semi-detached house for sale,"Princes Street, Dunstable, Bedfordshire, LU6","Alexander & Co are pleased to offer for sale this Victorian Semi Detached house with many character features, situated in central Dunstable and offered with no upper chain. There is an entrance hall, lounge, dining room, 19ft kitchen / breakfast room, cloakroom, landing, three doub...","£290,000","Alexander & Co, Dunstable",https://media.rightmove.co.uk:443/dir/crop/10:9-16:9/129k/128515/91776920/128515_DUS190142_IMG_01_0000_max_476x317.jpg
3 bedroom semi-detached house for sale,"Eldon Road, Luton","***GUIDE PRICE £290,000 TO £300,000*** Haart in Leagrave are listing this three bedroom semi detached property located well for access to Luton & Dunstable University Hospital. This family home comes with three bedrooms, 24ft through lounge, fitted kitchen and family bathroom","£290,000","haart, Leagrave",https://media.rightmove.co.uk:443/dir/crop/10:9-16:9/34k/33185/83098003/33185_0296_HRT029609232_IMG_22_0000_max_476x317.jpg
3 bedroom semi-detached house for sale,"Pennine Avenue, Luton, Bedfordshire, Na, LU3","Ideal for commuters looking to walk to nearby Leagrave Train Station, this three bedroom home will suit working professionals and families of all ages. The ground floor boasts a welcoming entrance hall which leads to the fitted kitchen and generous lounge/diner. The lounge diner benefits fr...","£290,000","Taylors Estate Agents, Leagrave",https://media.rightmove.co.uk:443/dir/crop/10:9-16:9/1k/440/72598704/440_LLE200330_IMG_01_0000_max_476x317.jpg
3 bedroom semi-detached house for sale,"Norman Road, Barton Le Clay, MK45 4QD","MANTONS are pleased to bring to market this well presented two/three bedroom semi detached home positioned in the popular village of Barton Le Clay. SECLUDED SOUTH facing rear garden, garage to rear, gas central heating via a combination boiler & a 16ft living room. Walking distance to local shops. ","£290,000","Mantons Estate Agents, Luton",https://media.rightmove.co.uk:443/dir/crop/10:9-16:9/58k/57828/93919742/57828_NormanRoad_IMG_00_0000_max_476x317.JPG
3 bedroom semi-detached house for sale,"Princes Street, Dunstable","** VIDEO TOUR AVAILABLE: A stunning Semi Detached Victorian with high ceilings and lot of character in the heart of Dunstable, is perfect for walking into town and with two reception rooms. and fantastic sized bedrooms there's plenty of space to work from home whether it be upstairs or do...","£290,000","Deakin-White, Dunstable",https://media.rightmove.co.uk:443/dir/crop/10:9-16:9/142k/141344/65486241/141344_9556218_IMG_01_0000_max_476x317.jpg
3 bedroom semi-detached house for sale,"Kynance Close, Stopsley, Luton, Bedfordshire, LU2 9DN","*** SPACIOUS, BRIGHT & AIRY FAMILY HOME *** INDIGO RESIDENTIAL are delighted to offer for sale this WELL PRESENTED property located in the STOPSLEY area of Luton. This property has THRE...","£290,000","Indigo Residential, Stopsley",https://media.rightmove.co.uk:443/dir/crop/10:9-16:9/75k/74104/96093818/74104_559347_IMG_01_0000_max_476x317.jpg
3 bedroom semi-detached house for sale,"Drakes Drive, Stevenage, Hertfordshire, SG2",**CHAIN FREE**OFF ROAD PARKING**FITTED KITCHEN**LARGE LOUNGE**CONSERVATORY**CATCHMENT AREA FOR NOBEL SECONDARY SCHOOL**Own homes welcome to the market this spacious three bedroom semi detached property situated within the sought after Chells area.,"£290,000","Own Homes, Stevenage",https://media.rightmove.co.uk:443/dir/crop/10:9-16:9/162k/161345/95783528/161345_DRAKES_IMG_00_0000_max_476x317.JPG
3 bedroom semi-detached house for sale,"Brookside Walk, Leighton Buzzard","*** VIDEO VIEWING ***
Quarters are delighted to offer for sale this extended three bedroom semi-detached family home located within walking distance of the Town Centre and situated overlooking the green. The property is presented to the market in good order with accommodation comprising; Entrance...","£289,995","Quarters Estate Agents, Leighton Buzzard",https://media.rightmove.co.uk:443/dir/crop/10:9-16:9/53k/52944/82450528/52944_29825008_IMG_19_0000_max_476x317.jpg
3 bedroom semi-detached bungalow for sale,"Falconers Road, Luton","Ideal Properties are pleased to offer for sale this three bedroom semi detached bungalow ideally located for transport with easy access to junction 10 on the M1, Luton Airport and local shopping. The property comprises of entrance hall, three double bedrooms, large lounge and diner , a fitted...","£289,995","Ideal Properties, Luton - Sales",https://media.rightmove.co.uk:443/dir/crop/10:9-16:9/174k/173666/94306634/173666_29767232_IMG_01_0000_max_476x317.jpg
3 bedroom semi-detached house for sale,"Highfield Road, LEIGHTON BUZZARD","Situated in a quiet CUL-DE-SAC within walking distance of LEEDON LOWER SCHOOL and BROOKLANDS MIDDLE SCHOOL, is this SEMI-DETACHED family home. Benefits include: kitchen/diner, lounge, downstairs bathroom and three bedrooms. Outside there is a garage, gardens and off road parking for three cars.","£287,500","Brown & Merry, Leighton Buzzard",https://media.rightmove.co.uk:443/dir/crop/10:9-16:9/2k/1962/94045556/1962_LBZ106750_IMG_08_0000_max_476x317.jpg
3 bedroom semi-detached house for sale,"Farley Hill, Luton",A beautifully presented three bedroom family home which has lovingly improved by our current vendors located close to Luton Town Centre and offered for sale chain free,"£285,000","haart, Luton",https://media.rightmove.co.uk:443/dir/crop/10:9-16:9/12k/11576/71967026/11576_0177_HRT017713977_IMG_91_0000_max_476x317.jpg
3 bedroom semi-detached house for sale,DELIGHTFUL ROUND GREEN HOME on Taunton Avenue,"Located in the lovely area of Round Green this three bedroom semi detached property offers spacious accommodation throughout combined with tasteful decor and has been set at a realistic price. The property briefly comprises; entrance hallway, lounge, separate dining room, shower room, kitchen, l...","£285,000","Esquire Estates, Luton",https://media.rightmove.co.uk:443/dir/crop/10:9-16:9/190k/189719/67530495/189719_10005430_IMG_01_0000_max_476x317.jpg
3 bedroom semi-detached house for sale,"Hillary Crescent, Luton",* SUPERB & SPACIOUS FAMILY HOME * OFFERING VERSATILE ACCOMMODATION * THREE BEDROOMS * SPACIOUS LOUNGE/DINING ROOM * KITCHEN * DELIGHTFUL REAR GARDEN * OFF ROAD PARKING TO THE FRONT * GAS CENTRAL HEATING * DOUBLE GLAZING (WHERE SPECIFIED) * POPULAR RESIDENTIAL LOCATION * INTERNAL VIEWING A MUST TO...,"£285,000","Bradshaws, Bedfordshire",https://media.rightmove.co.uk:443/dir/crop/10:9-16:9/5k/4290/94672223/4290_29795011_IMG_01_0000_max_476x317.jpg
3 bedroom semi-detached house for sale,"Eldon Road, Luton","***GUIDE PRICE £285,000 TO £295,000***","£285,000","haart, Leagrave",https://media.rightmove.co.uk:443/dir/crop/10:9-16:9/34k/33185/83320048/33185_0296_HRT029609072_IMG_12_0000_max_476x317.jpg
3 bedroom semi-detached house for sale,"Sandpiper Way, Leighton Buzzard","An immaculately presented home in a sought-after modern development, and within easy reach of a wide range of local amenities. Accommodation includes a bright kitchen/diner, large living room, 3 bedrooms, en-suite and bathroom. There is also a low maintenance garden and two allocated parking spaces.","£285,000","Yopa, East Anglia",https://media.rightmove.co.uk:443/dir/crop/10:9-16:9/204k/203810/95459432/203810_174962_IMG_01_0000_max_476x317.JPG
3 bedroom semi-detached house for sale,"Kiteleys Green, LEIGHTON BUZZARD","Connells are pleased to offer this starter home ideal for young, small families. Parking and a garage is located next to the house so you can walk the shopping and kids in with ease. Further benefits include a modern kitchen and bathroom.","£285,000","Connells, Leighton Buzzard",https://media.rightmove.co.uk:443/dir/crop/10:9-16:9/2k/1663/95725919/1663_LBC309550_IMG_23_0000_max_476x317.JPG
3 bedroom semi-detached house for sale,"Gresham Close, Luton","Located on a peaceful cul-de-sac in the popular Vauxhall Park area of Luton is this three bedroom semi detached family home. The property has been renovated to a high standard, including a brand new kitchen and is offered to the market chain free. Accommodation comprises of entrance hall, loung...","£285,000","Penrose Estate Agents, Luton",https://media.rightmove.co.uk:443/dir/crop/10:9-16:9/67k/66264/70789446/66264_10272777_IMG_01_0000_max_476x317.jpg
3 bedroom semi-detached house for sale,"Bramingham Road, Bramingham, Luton, Bedfordshire, LU3 2SW","***EXTENDED CHAIN FREE FAMILY HOME*** Located half a mile from LEAGRAVE STATION and benefits from a driveway for three cars, INTEGRAL GARAGE and large extended lounge/diner. DES...","£285,000","Indigo Residential, Barton Road",https://media.rightmove.co.uk:443/dir/crop/10:9-16:9/23k/22718/96162398/22718_559633_IMG_01_0000_max_476x317.jpg
3 bedroom semi-detached house for sale,"Rutland Crescent, Luton",Situated within the very popular St. Annes area of Luton is this superb and very well proportioned three bedroom family home. This style of property benefits from large rooms and has also undergone a great deal of modernisation and upgrades over the years. This location is perfect for both famili...,"£300,000","Penrose Estate Agents, Luton",https://media.rightmove.co.uk:443/dir/crop/10:9-16:9/67k/66264/69286989/66264_10231108_IMG_01_0000_max_476x317.jpg
3 bedroom semi-detached house for sale,"Sunridge Avenue, Luton, Bedfordshire, LU2 7JL",MANTONS are pleased to bring to market this well appointed three bedroom semi detached home located within a short walk of Luton Thames Link TRAIN STATION with NO UPPER CHAIN complications. Ideal first time or INVESTMENT purchase (£1100 per month rental income). Cloakroom & two reception rooms. ,"£280,000","Mantons Estate Agents, Luton",https://media.rightmove.co.uk:443/dir/crop/10:9-16:9/58k/57828/95678717/57828_SunridgeAvenue_IMG_00_0000_max_476x317.JPG
3 bedroom semi-detached house for sale,"Weltmore Road, Luton, Bedfordshire, LU3","Completed by the driveway and integral garage, this three bedroom semi detached home is an absolute must see for young families looking for Meads catchment and commuters looking to be on the Train Station Platform in less than ten minutes. The fitted kitchen is in good order, whilst the living ro...","£280,000","Taylors Estate Agents, Leagrave",https://media.rightmove.co.uk:443/dir/crop/10:9-16:9/1k/440/72460698/440_LLE200322_IMG_13_0000_max_476x317.jpg
3 bedroom semi-detached house for sale,"Whitwell Close, Luton","Located in the very sought after Barton Hills area of Luton is this three bedroom semi detached home. The property is offered to the market in good condition throughout and has accommodation to comprise of:entrance hall, cloakroom, lounge open to dining room, kitchen, first floor landing, three w...","£280,000","Penrose Estate Agents, Luton",https://media.rightmove.co.uk:443/dir/crop/10:9-16:9/67k/66264/68760393/66264_10200739_IMG_01_0000_max_476x317.jpg
3 bedroom semi-detached house for sale,"Trimley Close, Luton, Bedfordshire, LU4","This home, fully refurbished to a high standard by the current owner, features new double glazing, three year old boiler, flooring and decoration throughout as well as a new kitchen a bathroom with premium tiling. The ground floor boasts entrance porch, leading to an open plan lounge and dining s...","£280,000","Taylors Estate Agents, Leagrave",https://media.rightmove.co.uk:443/dir/crop/10:9-16:9/1k/440/71698383/440_LLE100489_IMG_01_0000_max_476x317.JPG
3 bedroom semi-detached house for sale,"Kendal Close, Luton","Located on one of Sundon Park's most popular roads, is this semi detached property offering a wealth of living space from the 23ft reception room, to the generously sized bedrooms","£280,000","haart, Leagrave",https://media.rightmove.co.uk:443/dir/crop/10:9-16:9/34k/33185/81704449/33185_0296_HRT029609192_IMG_04_0000_max_476x317.jpg
3 bedroom semi-detached house for sale,3 bed semi with NO CHAIN close to the airport,"* URBAN & RURAL STOPSLEY * VIDERO TOUR * This 3 bedroom semi detached family home has the benefit of NO UPPER CHAIN. CLICK THROUGH for more pictures, floorplan and VIDEO TOUR... ","£280,000","Urban & Rural Property Services, Stopsley",https://media.rightmove.co.uk:443/dir/crop/10:9-16:9/11k/10932/71055780/10932_10299290_IMG_01_0000_max_476x317.jpg
3 bedroom semi-detached house for sale,"Middle Green, Leighton Buzzard, Beds, Bedfordshire, LU7","* GARAGE * NO UPPER CHAIN * A well presented three bedroom semi detached family home offered to the market with no upper chain! Accommodation briefly comprises of entrance hall, lounge and generous size kitchen/diner with doors onto the garden perfect for entertaining. First floor com...","£280,000","Taylors Estate Agents, Leighton Buzzard",https://media.rightmove.co.uk:443/dir/crop/10:9-16:9/1k/441/72121401/441_MLB190319_IMG_02_0000_max_476x317.jpg
3 bedroom semi-detached house for sale,"Lalleford Road, Vauxhall Park, Luton, Bedfordshire, LU2 9JH","*** SPACIOUS, BRIGHT & AIRY FAMILY HOME *** INDIGO RESIDENTIAL are delighted to offer for sale this WELL PRESENTED property located in the Vauxhall Park area of Luton. This property has...","£280,000","Indigo Residential, Stopsley",https://media.rightmove.co.uk:443/dir/crop/10:9-16:9/75k/74104/95074217/74104_555850_IMG_14_0000_max_476x317.jpg
3 bedroom semi-detached house for sale,"Aydon Road, LUTON",Looking for you next family home? Really need off road parking? Within walking distance to local schools?,"£280,000","haart, Luton",https://media.rightmove.co.uk:443/dir/crop/10:9-16:9/12k/11576/94350386/11576_0177_HRT017715370_IMG_19_0000_max_476x317.jpg
3 bedroom semi-detached house for sale,"Aydon Road, Luton",Three bedroom semi detahced property located of the popular Birdsfoot Lane area. Well presented family home with off road parking.,"£280,000","Connells, Luton North - Sales",https://media.rightmove.co.uk:443/dir/crop/10:9-16:9/177k/176003/72526128/176003_LUN101130_IMG_05_0000_max_476x317.jpg
3 bedroom semi-detached house for sale,"Devon Road, Luton"," This traditional 1930's property on Devon Road is oozing with character and is offering a great amount of space for any family looking to purchase a three bedroom semi detached home. Internally the property offers a bay fronted reception room, separate dining room, kitchen as well as three dou...","£280,000","Venture Residential, Luton",https://media.rightmove.co.uk:443/dir/crop/10:9-16:9/126k/125461/80999380/125461_10016416_IMG_01_0000_max_476x317.jpg
3 bedroom semi-detached house for sale,"EXTENDED on Kenneth Road, Round Green","Extended family home on Kenneth Road, with 17' kitchen, utility room, lounge /diner, dining room / study, ground floor shower room, conservatory, three bedrooms, family bathroom, off road parking, front and rear gardens the property also Benefits from Solar Panels. Call us now for your appoin...","£280,000","Esquire Estates, Luton",https://media.rightmove.co.uk:443/dir/crop/10:9-16:9/190k/189719/71903517/189719_7984767_IMG_01_0000_max_476x317.jpg
3 bedroom cottage for sale,CHARACTER PROPERTY in Lilley,"***£250 CASH BACK IF BOUGHT & VIEWED THROUGH ESQUIRE*** Located in the sought after village of Lilley this three bedroom period cottage is simply bursting with charm and character, combining many original features with modern themes throughout, we highly recommend an internal inspection as ...","£280,000","Esquire Estates, Luton",https://media.rightmove.co.uk:443/dir/crop/10:9-16:9/190k/189719/68980524/189719_9972791_IMG_13_0000_max_476x317.jpg
3 bedroom cottage for sale,"Lilley, Luton",KEEP THAT FIRE BURNING A most gorgeous cottage located in the historic Lilley Village. It's natural with such a prestigious sounding address that you'll be expecting something fairly spectacular and this stunning home certainly won't disappoint,"£280,000","haart, Stopsley",https://media.rightmove.co.uk:443/dir/crop/10:9-16:9/12k/11515/77893924/11515_0207_HRT020708752_IMG_31_0000_max_476x317.jpg
3 bedroom semi-detached bungalow for sale,"Humberstone Close, LUTON",*** Chain free Semi detached bungalow *** This semi detached bungalow located in the popular Challney Catchment area of Luton is a must see. This property benefits from off road parking and no onward chain. Call today to arrange a viewing.,"£280,000","Connells, Leagrave",https://media.rightmove.co.uk:443/dir/crop/10:9-16:9/2k/1655/82291657/1655_LGR308224_IMG_08_0000_max_476x317.JPG
3 bedroom semi-detached house for sale,"Kendal Close, Luton",*** Semi detached in Sundon *** This well presented three bedroom semi detached property located in the popular Sundon Park area is a must see. Located within close proximity of Leagrave mainline train station in to London and motorway makes this perfect for the commute into London.,"£280,000","Connells, Leagrave",https://media.rightmove.co.uk:443/dir/crop/10:9-16:9/2k/1655/82335022/1655_LGR308600_IMG_03_0000_max_476x317.jpg
3 bedroom semi-detached house for sale,"Grampian Way, Luton","*** Semi detached in Sundon Park *** This well presented family home located in the popular Sundon Park area of Luton is a must see. Located within close proximity of the Leagrave train station and motorway makes this property perfect for the commute to London, Call today to arrange a view...","£280,000","Connells, Leagrave",https://media.rightmove.co.uk:443/dir/crop/10:9-16:9/2k/1655/95402612/1655_LGR308609_IMG_09_0000_max_476x317.jpg
3 bedroom semi-detached house for sale,"Abbey Drive, Luton",*** CHAIN FREE IN ST ANNES *** This perfect family home located in the popular St Anne's area of Luton. Offered with 'NO UPPER CHAIN' this property should not be missed! Call Connells today to arrange a viewing on .,"£280,000","Connells, Stopsley",https://media.rightmove.co.uk:443/dir/crop/10:9-16:9/2k/1654/93586946/1654_STP305656_IMG_01_0000_max_476x317.JPG
3 bedroom semi-detached bungalow for sale,"Laburnum Grove, Luton","Offered for sale with no upper chain this rarely available semi detached bungalow is situated close to local amenities and briefly comprises entrance hall, separate reception rooms, kitchen, three bedrooms, wet room, off road parking and a low maintenance rear garden. Early viewing advised.","£280,000","Connells, Luton North - Sales",https://media.rightmove.co.uk:443/dir/crop/10:9-16:9/177k/176003/69147213/176003_LUN100836_IMG_07_0001_max_476x317.JPG
3 bedroom semi-detached house for sale,"Telscombe Way, Stopsley, Luton, Bedfordshire, LU2 8QR",*** IMMACULATE PROPERTY TUCKED AWAY WITH A BEAUTIFUL GARDEN *** INDIGO RESIDENTIAL are delighted to offer for sale this EXTENDED property which is in FANTASTIC CONDITION throughout. Further...,"£280,000","Indigo Residential, Stopsley",https://media.rightmove.co.uk:443/dir/crop/10:9-16:9/75k/74104/93773750/74104_552388_IMG_18_0000_max_476x317.jpg
3 bedroom semi-detached house for sale,"Goldcrest Close, Luton"," Located in a quiet road you will find this tastefully presented three bedroom semi-detached home with driveway and garage. This property has the potential to convert the garage (stpp). This property which has been decorated and upgraded to a high standard briefly comprises an entrance hall, ...","£280,000","Venture Residential, Luton",https://media.rightmove.co.uk:443/dir/crop/10:9-16:9/126k/125461/90511454/125461_10216068_IMG_01_0000_max_476x317.jpg
3 bedroom semi-detached house for sale,"West Way, Luton","Located in the popular area of ""PUTTERIDGE"" is this perfect 3 Bedroom Semi-Detached FAMILY HOME. The property is situated on a quiet road, with local shops within walking distance, great commuter links and good schooling catchments. INTERNAL VIEWINGS ADVISED, CALL TODAY","£280,000","Connells, Stopsley",https://media.rightmove.co.uk:443/dir/crop/10:9-16:9/2k/1654/72542202/1654_STP305737_IMG_03_0000_max_476x317.jpg
3 bedroom semi-detached house for sale,"Waterdell, Leighton Buzzard","M & M Properties are pleased to offer to the market this EXTENDED THREE BEDROOM SEMI DETACHED HOUSE, located on the highly popular 'Brooklands' estate in Leighton Buzzard. The property is presented in great condition, with spacious accommodation and set over two floors. To the ground floor ther...","£279,995","M & M Properties, Leighton Buzzard - Sales",https://media.rightmove.co.uk:443/dir/crop/10:9-16:9/3k/2932/72191922/2932_29859934_IMG_01_0000_max_476x317.jpg
3 bedroom semi-detached house for sale,"Stanbridge Road, Leighton Buzzard LU7 4QW","100 Foot Long... And South Facing! Yes, that's the highlight of the home as you stand in the rear of this 3 bedroom, semi-detached house. With driveway parking to the front and surrounded by good schools this offers you and the family a nice balanced lifestyle.","£279,000","EweMove, Leighton Buzzard",https://media.rightmove.co.uk:443/dir/crop/10:9-16:9/206k/205637/86743685/205637_27476_IMG_13_0000_max_476x317.jpg
3 bedroom semi-detached house for sale,"Rutland Crescent, Luton",Situated within the very popular St. Annes area of Luton is this superb and very well proportioned three bedroom family home. This style of property benefits from large rooms and has also undergone a great deal of modernisation and upgrades over the years. This location is perfect for both famili...,"£300,000","Penrose Estate Agents, Luton",https://media.rightmove.co.uk:443/dir/crop/10:9-16:9/67k/66264/69286989/66264_10231108_IMG_01_0000_max_476x317.jpg
3 bedroom semi-detached house for sale,"Trimley Close, Tophill, Luton, Bedfordshire, LU4 9HJ",*RECENTLY DECORATED THROUGHOUT* family home within walking distance to LEAGRAVE STATION benefiting from refitted kitchen and bathroom.,"£277,500","Indigo Residential, Barton Road",https://media.rightmove.co.uk:443/dir/crop/10:9-16:9/23k/22718/89997776/22718_536073_IMG_01_0000_max_476x317.jpg
3 bedroom semi-detached house for sale,"Winston Close, Leighton Buzzard","Tucked away in a cute cul de sac in Leighton buzzard, this immaculate three bedroom home offers a mass amount of living space for the next homeowner including a kitchen diner, lounge and three very good sized bedrooms.","£275,000","Connells, Leighton Buzzard",https://media.rightmove.co.uk:443/dir/crop/10:9-16:9/2k/1663/89106401/1663_LBC309376_IMG_14_0001_max_476x317.JPG
3 bedroom semi-detached house for sale,"Sunridge Avenue, Luton","THREE BEDROOM SEMI DETACHED | WALK TO TRAIN | VACANT & NO UPPER CHAIN, GENEROUS ROOMS TO ALL FLOORS, CLOAKROOM WC & LARGE GARDEN","£275,000","Robinsons, Dunstable",https://media.rightmove.co.uk:443/dir/crop/10:9-16:9/78k/77604/72485826/77604_29899992_IMG_09_0000_max_476x317.jpg
3 bedroom semi-detached house for sale,"Liston Close, Luton",*** Three bedroom with great links to the motorway *** This well presented three bedroom semi detached property is located within close proximity of the motorway and train station. With a garage and off road parking this property has the potential to be a fantastic family home.,"£275,000","Connells, Leagrave",https://media.rightmove.co.uk:443/dir/crop/10:9-16:9/2k/1655/81813643/1655_LGR308506_IMG_08_0000_max_476x317.JPG
3 bedroom semi-detached house for sale,"Woodman Close, Leighton Buzzard","A spacious three bedroom semi detached family home offering versatile accommodation. The accommodation comprises of an entrance hall, lounge, dining room, kitchen and conservatory. On the first floor there are three bedrooms and a family bathroom. Outside, the rear garden is fully enclosed incorp...","£275,000","Hunters, Leighton Buzzard",https://media.rightmove.co.uk:443/dir/crop/10:9-16:9/125k/124288/93635396/124288_LBSAL99351978_IMG_12_0000_max_476x317.jpg
3 bedroom semi-detached house for sale,"Baker Street, LUTON","A Well Presented Three Bedroom Semi-Detached Family Home situated in South Luton. The property benefits from being close to good transport links, shops and schools and has a Lounge, Kitchen/Diner, Bathroom, Front and Rear Gardens and can be offered chain free.","£275,000","Connells, Luton",https://media.rightmove.co.uk:443/dir/crop/10:9-16:9/2k/1653/71110140/1653_LUT312911_IMG_04_0000_max_476x317.jpg
3 bedroom semi-detached house for sale,"Bracklesham Gardens, Stopsley, Luton, Bedfordshire, LU2 8QJ",*** IDEAL FAMILY HOME IN A QUIET CUL-DE-SAC *** INDIGO RESIDENTIAL are delighted to offer for sale this IMMACULATE property. This family home offers great scope to EXTEND (stpp). A SPACIOUS...,"£275,000","Indigo Residential, Stopsley",https://media.rightmove.co.uk:443/dir/crop/10:9-16:9/75k/74104/95076473/74104_530883_IMG_01_0000_max_476x317.jpg
3 bedroom semi-detached house for sale,"Liston Close, Luton, Bedfordshire, LU4","This three bedroom family home resides in a quiet close location, benefitting from ample parking for up to four cars as well as a garage. The inviting and recently re-carpeted hallway serves the lounge diner and the kitchen, which in turn leads out to the rear garden. The first floor benefi...","£275,000","Taylors Estate Agents, Leagrave",https://media.rightmove.co.uk:443/dir/crop/10:9-16:9/1k/440/69223293/440_LLE150174_IMG_02_0000_max_476x317.JPG
4 bedroom bungalow for sale,"Hart Hill Drive, Luton",**Offered with no upper chain is this four bedroom semi-detached bungalow with ample living space. The area is popular with growing families as there are schools nearby also Luton mainline station is within close proximity**,"£275,000","Connells, Luton",https://media.rightmove.co.uk:443/dir/crop/10:9-16:9/2k/1653/66398916/1653_LUT312534_IMG_04_0000_max_476x317.jpg
3 bedroom semi-detached house for sale,"Chalton Road, Luton","A very well presented three bedroom semi detached property being offered chain free. The property downstairs benefits from a lounge, dining room, kitchen, conservatory and shower room. Upstairs is three good sized bedrooms with a family bathroom. This property has a rear garden and off road parking.","£270,000","Connells, Leagrave",https://media.rightmove.co.uk:443/dir/crop/10:9-16:9/2k/1655/66373522/1655_LGR307522_IMG_12_0001_max_476x317.JPG
3 bedroom semi-detached house for sale,"Littlefield Road, Luton","Located in the very popular Stopsley area of Luton is this three bedroom semi detached family home. The property is offered to the market chain free and has been well maintained by the current owner for many years. Accommodation comprises of entrance hall, lounge/diner, kitchen, cloakroom, first...","£270,000","Penrose Estate Agents, Luton",https://media.rightmove.co.uk:443/dir/crop/10:9-16:9/67k/66264/83349580/66264_10417934_IMG_01_0000_max_476x317.jpg
3 bedroom semi-detached bungalow for sale,"Eldon Road, LUTON","A very well presented 3 bedroom semi-detached bungalow situated in the Luton and Dunstable borders. The family home benefits from a Lounge, Kitchen, Study, Off Road Parking x 2, Outside Storage, Courtyard and BBQ area incorporating a pagoda.","£270,000","Connells, Luton",https://media.rightmove.co.uk:443/dir/crop/10:9-16:9/2k/1653/67912428/1653_LUT312720_IMG_06_0001_max_476x317.JPG
3 bedroom semi-detached house for sale,"Watling Place, Houghton Regis, Dunstable","**Guide price £270,000 - £285,000** An EXTENDED and well presented three bedroom SEMI-DETACHED family home with parking for TWO cars, and a GARAGE. The property is in a popular, quiet CUL-DE-SAC location. This property has been extended to add an extra bedroom and enlarge the kitchen. T...","£270,000","Zebra Properties, Houghton Regis",https://media.rightmove.co.uk:443/dir/crop/10:9-16:9/16k/15308/89541674/15308_29490531_IMG_01_0000_max_476x317.jpg
3 bedroom semi-detached house for sale,"Ravensthorpe, Putteridge, Luton, LU2 8AU",*EXTENDED CHAIN FREE FAMILY HOME IN POPULAR PUTTERIDGE LOCATION* INDIGO RESIDENTIAL are pleased to offer for sale this SPACIOUS semi detached property situated in the sought after Putteridge area...,"£270,000","Indigo Residential, Stopsley",https://media.rightmove.co.uk:443/dir/crop/10:9-16:9/75k/74104/75786076/74104_409982_IMG_02_0000_max_476x317.jpg
3 bedroom semi-detached house for sale,"Arbroath Road, Sundon Park, Luton, LU3 3LA","*** POPULAR SUNDON PARK LOCATION **** Well presented family home close to local amenities and LEAGRAVE RAILWAY STATION. Benefiting from a REFITTED KITCHEN, LANDSCAPED REAR GARDEN with summe...","£270,000","Indigo Residential, Barton Road",https://media.rightmove.co.uk:443/dir/crop/10:9-16:9/23k/22718/94216970/22718_553082_IMG_03_0000_max_476x317.jpg
3 bedroom semi-detached house for sale,"Watling Place, Houghton Regis, Dunstable, Bedfordshire, LU5","Alexander & Co are pleased to offer For Sale this much improved and well presented three bedroom semi-detached family home situated in the Bidwell Hill area of Houghton Regis, Within reach of the Town Centre and Junction 11a of the M1. Benefits Include re-fitted Kitchen, garage, low maintenan...","£270,000","Alexander & Co, Dunstable",https://media.rightmove.co.uk:443/dir/crop/10:9-16:9/129k/128515/91777028/128515_DUS200086_IMG_01_0000_max_476x317.jpg
3 bedroom semi-detached house for sale,"Watling Place, Houghton Regis, Dunstable, Bedfordshire, LU5 5DP","***EXTENDED FAMILY HOME SITUATED IN A QUIET CUL-DE-SAC *** Well presented throughout benefiting from large kitchen/diner, GARAGE and driveway for two cars. DESCRIPTION:","£270,000","Indigo Residential, Barton Road",https://media.rightmove.co.uk:443/dir/crop/10:9-16:9/23k/22718/93947291/22718_552653_IMG_01_0000_max_476x317.jpg
3 bedroom semi-detached house for sale,"Watling Place, Dunstable","GUIDE PRICE £270,000-£285,000 Haart ""Selling in Dunstable"" have been instructed to list this THREE BEDROOM SEMI DETACHED house located in the Bidwell Hill area of Dunstable","£270,000","haart, covering Dunstable",https://media.rightmove.co.uk:443/dir/crop/10:9-16:9/190k/189977/70062105/189977_0375_HRT037508358_IMG_01_0000_max_476x317.jpg
3 bedroom semi-detached house for sale,"Eaton Valley Road, Luton", This three bedroom semi-detached house located on the borders of Stopsley & Round Green would make an ideal starter home for a first time purchaser or a small family to make their own. The property provides a blank canvass and is in need of some modernisation whilst being offered without the c...,"£270,000","Penrose Estate Agents, Luton",https://media.rightmove.co.uk:443/dir/crop/10:9-16:9/67k/66264/83452648/66264_10438632_IMG_01_0000_max_476x317.jpg
3 bedroom semi-detached house for sale,"Sundon Park Road, Luton"," Set just 0.7 miles from the Leagrave train station is this three bedroom semi detached property being offered to the market chain free.Internally the property comprises of three great size bedrooms, lounge, re-fitted kitchen & dining room and a family bathroom. Externally the property offers a...","£270,000","Venture Residential, Luton",https://media.rightmove.co.uk:443/dir/crop/10:9-16:9/126k/125461/83379481/125461_10414072_IMG_01_0000_max_476x317.jpg
3 bedroom semi-detached bungalow for sale,"Eldon Road, Luton",Looking to down size? Need a bungalow? Close to transport links? Easy access to the M1 motorway?,"£270,000","haart, Leagrave",https://media.rightmove.co.uk:443/dir/crop/10:9-16:9/34k/33185/81378544/33185_0296_HRT029607723_IMG_06_0000_max_476x317.jpg
3 bedroom chalet for sale,"Watling Place, Dunstable","Located in the ever popular area of Houghton Regis this well presented family home offers spacious accommodation throughout combined with tasteful decor and has been priced to sell! The property briefly comprises; entrance hall, lounge, kitchen/dinner, study, bathroom, first floor landing, three ...","£270,000","Esquire Estates, Luton",https://media.rightmove.co.uk:443/dir/crop/10:9-16:9/190k/189719/71642127/189719_10353049_IMG_01_0000_max_476x317.jpg
3 bedroom semi-detached house for sale,"Watling Place, Dunstable","* Guide Price £270,000 - £285,000 * Venture Residential are pleased to offer this three bedroom semi detached property to the market! Internally the property offers; lounge, kitchen/ diner, utility room, downstairs family bathroom, upstairs w/c, and three bedrooms. Externall...","£270,000","Venture Residential, Luton",https://media.rightmove.co.uk:443/dir/crop/10:9-16:9/126k/125461/71717745/125461_10353067_IMG_01_0000_max_476x317.jpg
3 bedroom semi-detached house for sale,"Meyrick Avenue, Luton, Bedfordshire, LU1","Taylors Estate Agents are delighted to offer for sale this bay fronted three bedroom semi detached property in the sought after Meyrick Avenue. The property consists of entrance hall, lounge/diner, refitted kitchen, three bedrooms, family bathroom, large rear garden and potential for off roa...","£269,995","Taylors Estate Agents, Luton",https://media.rightmove.co.uk:443/dir/crop/10:9-16:9/1k/443/95417618/443_LGS200213_IMG_01_0000_max_476x317.jpg
3 bedroom semi-detached house for sale,"Limbury Road, Luton",Situated with close proximity to Leagrave mainline train station and Leagrave shopping parade is this handsome victorian semi detached property complete with high ceilings lovely bays and a host of traditional features. This location has become a favourite for commuters into London as well as fam...,"£290,000","Penrose Estate Agents, Luton",https://media.rightmove.co.uk:443/dir/crop/10:9-16:9/67k/66264/71029632/66264_10284046_IMG_01_0000_max_476x317.jpg
3 bedroom semi-detached house for sale,Stunning 3 bed with driveway and Garage within walking distance of the train station...,"* URBAN & RURAL STOPSLEY * VIDEO TOUR * Located within walking distance of the train station, this impressive family home has off road parking to the front and rear as well as a garage. CLICK THROUGH for more pictures, floorplan and VIDEO TOUR.","£269,995","Urban & Rural Property Services, Stopsley",https://media.rightmove.co.uk:443/dir/crop/10:9-16:9/11k/10932/95354444/10932_10344412_IMG_01_0000_max_476x317.jpg
3 bedroom semi-detached house for sale,"Aydon Road, Runfold, Luton, Bedfordshire, LU3 2HB",*** WELL PRESENTED FAMILY HOME & HUGE SCOPE TO EXTEND*** Situated in the popular RUNFOLD area of Luton the property benefits from a ground floor REFITTED BATHROOM and first floor REFITT...,"£265,000","Indigo Residential, Barton Road",https://media.rightmove.co.uk:443/dir/crop/10:9-16:9/23k/22718/72148623/22718_556829_IMG_01_0000_max_476x317.jpg
3 bedroom semi-detached house for sale,Cul-De-Sac Location in Houghton Regis ,"WELL PRICED FAMILY HOME !! This 3 BEDROOM FAMILY HOME, located in a cul-de-sac location, close to Local Shops, Schools,and Bus Routes, With entrance into Dining room,Open Plan Kitchen, Lounge, 5 m Brick and Double Glazed Conservatory, 3 Bedrooms, Family Bathroom, Off Road Parking for several cars...","£265,000","Esquire Estates, Luton",https://media.rightmove.co.uk:443/dir/crop/10:9-16:9/190k/189719/71914521/189719_10385168_IMG_01_0000_max_476x317.jpg
3 bedroom semi-detached house for sale,"Birdsfoot Lane, Icknield, Luton, Bedfordshire, LU3 2DL",***EXTENDED THREE BEDROOM SEMI DETACHED IN RUNFOLD*** INDIGO RESIDENTIAL are delighted to be the sole agent instructed for the sale of this excellent three bedroom property which offers a s...,"£265,000","Indigo Residential, Barton Road",https://media.rightmove.co.uk:443/dir/crop/10:9-16:9/23k/22718/92976449/22718_550099_IMG_01_0000_max_476x317.jpg
3 bedroom semi-detached house for sale,"Bracklesham Gardens, Stopsley, Luton, Bedfordshire, LU2 8QJ",*** PERFECT FAMILY HOME IN A QUIET CUL-DE-SAC *** INDIGO RESIDENTIAL are delighted to offer for sale this well presented semi detached family home positioned in a QUIET CUL-DE-SAC with a GR...,"£265,000","Indigo Residential, Stopsley",https://media.rightmove.co.uk:443/dir/crop/10:9-16:9/75k/74104/93893501/74104_552684_IMG_01_0000_max_476x317.jpg
3 bedroom semi-detached house for sale,"Newbury Road, Houghton Regis","**URBAN & RURAL**DOUBLE DRIVEWAY**CONSERVATORY** Situated in the popular Houghton Park development of Houghton Regis is this great sized family home. Features include; refitted kitchen, two reception rooms and a conservatory. To the first floor are three bedrooms and a family bathroom. Outsid...","£265,000","Urban & Rural Property Services, Leagrave",https://media.rightmove.co.uk:443/dir/crop/10:9-16:9/13k/12518/82317241/12518_10371662_IMG_01_0000_max_476x317.jpg
3 bedroom semi-detached house for sale,"Conway Close, Houghton Regis","**URBAN & RURAL**SEMI-DETACHED**GARAGE AND DRIVEWAY** Situated in the popular Barratts development in Houghton Regis is this well presented family home. Features include; Entrance porch, lounge and a refitted kitchen/diner. On the first floor are three bedrooms and a bathroom. Outside are fr...","£265,000","Urban & Rural Property Services, Leagrave",https://media.rightmove.co.uk:443/dir/crop/10:9-16:9/13k/12518/81273787/12518_7441375_IMG_01_0000_max_476x317.jpg
3 bedroom mobile home for sale,"Whelpley Hill Park, Whelpley Hill, Chesham, Buckinghamshire, HP5","• Private parking space for x2 cars parked diagonally, with automatic night lights, and an aesthetic bin area serviced by Bucks County Council. • Outside generous sized fully insulated brick outbuilding, with window, floor tiling, ceiling spot lights - currently used as a ‘c...","£260,000","Taylors Estate Agents, Hemel Hempstead",https://media.rightmove.co.uk:443/dir/crop/10:9-16:9/1k/433/83383367/433_LHH190220_IMG_15_0000_max_476x317.jpg
3 bedroom semi-detached house for sale,"Cheney Road, Luton","****GUIDE PRICE OF £260,000 to £270,000****","£260,000","haart, Leagrave",https://media.rightmove.co.uk:443/dir/crop/10:9-16:9/34k/33185/82508149/33185_0296_HRT029609216_IMG_03_0000_max_476x317.jpg
3 bedroom semi-detached house for sale,"Brive Road, Dunstable, Bedfordshire","Located in SOUTH DUNSTABLE within a short drive from JUNCTION 9 of the M1 MOTORWAY, this SPACIOUS FAMILY HOME benefits from a GARAGE and AMPLE OFF ROAD PARKING.","£260,000","Household Estate Agents, Dunstable",https://media.rightmove.co.uk:443/dir/crop/10:9-16:9/4k/3379/72544272/3379_29913214_IMG_01_0000_max_476x317.jpg
3 bedroom semi-detached house for sale,"Sunningdale, Round Green, Luton, Bedfordshire, LU2 7TF",*** IDEAL FIRST TIME BUY OR BUY TO LET INVESTMENT *** INDIGO RESIDENTIAL are delighted to offer for sale this SPACIOUS and WELL PRESENTED family home. Benefiting from a good size REAR GARDE...,"£260,000","Indigo Residential, Stopsley",https://media.rightmove.co.uk:443/dir/crop/10:9-16:9/75k/74104/96161813/74104_559635_IMG_01_0000_max_476x317.jpg
3 bedroom semi-detached house for sale,Large Three Bed in Dallow,"We are delighted to bring to market on a sole agency basis, this traditional three bedroom bay fronted end of terrace property with off road PARKING in the popular Dallow area of Luton. This home offers great value for money and briefly comprises of an entrance hall, two separate reception rooms,...","£260,000","Esquire Estates, Luton",https://media.rightmove.co.uk:443/dir/crop/10:9-16:9/190k/189719/70765971/189719_10276555_IMG_01_0000_max_476x317.jpg
3 bedroom bungalow for sale,"Good value bungalow on Stanford Road, Stopsley","Offering excellent value for money this spacious three bedroom semi detached bungalow is located in the ever popular area of Round Green. The property briefly comprises; entrance hall, lounge/diner, kitchen, three good size bedrooms, modern wet room, large rear garden, off street parking and gara...","£260,000","Esquire Estates, Luton",https://media.rightmove.co.uk:443/dir/crop/10:9-16:9/190k/189719/70662057/189719_8722333_IMG_09_0000_max_476x317.jpg
3 bedroom bungalow for sale,"Bishopsfield, Harlow, Essex, CM18","A three-bedroom terraced bungalow located within walking distance to Staple Tye shopping centre and Lister Medical Centre. The property has lots of living space which is open plan, three good sized bedrooms, with a lovely private courtyard garden that is very private.","£260,000","Guardian Residential Lettings & Sales, Harlow",https://media.rightmove.co.uk:443/dir/crop/10:9-16:9/71k/70109/90750134/70109_REMOTE1_IMG_01_0000_max_476x317.JPG
3 bedroom semi-detached house for sale,"Seaton Road, Luton","URBAN AND RURAL LEAGRAVE * GARAGE AND DRIVEWAY * CLOSE TO ALL AMENITIES * SPACIOUS THROUGHOUT ** Located within close distance to Leagrave Train Station is this three bedroom semi-detached property. Features include; Entrance hall with storage cupboard, cloakroom, kitchen/diner, ample sized loun...","£260,000","Urban & Rural Property Services, Leagrave",https://media.rightmove.co.uk:443/dir/crop/10:9-16:9/13k/12518/80517607/12518_10270046_IMG_01_0000_max_476x317.jpg
3 bedroom semi-detached house for sale,"Ickley Close, Luton","This semi-detached home is located in the Leagrave area of Luton and is ideally located for local schools, Leagrave main line station, M1 motorway as well as Luton airport. This has been a family home for many years and is a great opportunity for a buyer to put their own stamp on the property....","£259,500","Local Agent Network, Central Bedfordshire",https://media.rightmove.co.uk:443/dir/crop/10:9-16:9/95k/94493/69200964/94493_10216026_IMG_01_0000_max_476x317.jpg
3 bedroom semi-detached house for sale,"Lynton Road, CHESHAM",** UNITY CONSTRUCTION - CASH BUYERS OR PEOPLE WITH CASH FROM A RELATED SALE ONLY ** A GREAT OPPORTUNITY to purchase this well proportioned three bedroom family home situated in a popular residential location approximately 1.2 miles from Chesham town centre and Metropolitan Line station. The prop...,"£258,500","Robsons, Chesham",https://media.rightmove.co.uk:443/dir/crop/10:9-16:9/70k/69168/71113726/69168_RSCHE_565688_IMG_13_0000_max_476x317.jpg
3 bedroom semi-detached house for sale,"Beechwood Road, Luton, Bedfordshire, United Kingdom, LU4","Taylors Estate Agents are delighted to market this lovely good size three bedroom semi detached family home in good condition throughout. The property on ground floor comprises of entrance hall, seperate lounge and diner, kitchen and family bathroom. To the first floor, landing and three good siz...","£255,000","Taylors Estate Agents, Leagrave",https://media.rightmove.co.uk:443/dir/crop/10:9-16:9/1k/440/62553543/440_LLE190358_IMG_01_0000_max_476x317.JPG
3 bedroom semi-detached house for sale,"Beechwood Road, Leagrave, Luton, Bedfordshire, LU4 9RE",*INDIGO RESIDENTIAL* CHAIN FREE TRADITIONAL BAY FRONTED 1930's semi detached family home within walking distance to LEAGRAVE STATION. Benefits include two reception rooms and potential to extend a...,"£255,000","Indigo Residential, Barton Road",https://media.rightmove.co.uk:443/dir/crop/10:9-16:9/23k/22718/89931899/22718_526913_IMG_01_0000_max_476x317.jpg
3 bedroom semi-detached house for sale,"Fermor Crescent, Luton","LAID BACK LIVING Park your car up, head through the low maintenance front garden and dive head first into the action by visiting the spacious family lounge/dining room. This space is simply incredible for those that regularly entertain friends and family","£250,000","haart, Stopsley",https://media.rightmove.co.uk:443/dir/crop/10:9-16:9/12k/11515/79009330/11515_0207_HRT020708753_IMG_01_0000_max_476x317.jpg
3 bedroom bungalow for sale,"Hammersmith Gardens, Dunstable",Need space to work from home? Need that extra space for the family? Look no further this lovely property could be the one! This Scandinavian style bungalow is set in this quiet cul-de-sac with good size gardens both to the front and rear with a central private courtyard which is just perfect ...,"£250,000","Deakin-White, Dunstable",https://media.rightmove.co.uk:443/dir/crop/10:9-16:9/142k/141344/69178668/141344_10068382_IMG_01_0000_max_476x317.jpg
3 bedroom semi-detached house for sale,"Bedford Road, Houghton Regis, Bedfordshire","**VIRTUAL VIEWINGS AVAILABLE** Offered for sale with NO UPPER CHAIN, this FAMILY HOME benefits from a LARGE GARDEN, PARKING and close proximity to J11A OF THE M1.","£250,000","Household Estate Agents, Dunstable",https://media.rightmove.co.uk:443/dir/crop/10:9-16:9/4k/3379/68775453/3379_29526116_IMG_02_0000_max_476x317.jpg
3 bedroom semi-detached house for sale,"Meadow Way, Leighton Buzzard","**ONLINE VIEWING AND VIDEO TOUR NOW AVAILABLE** M & M Properties are pleased to present this well presented THREE DOUBLE BEDROOM EXTENDED SEMI DETACHED HOUSE, located on a popular residential NON THROUGH ROAD in Leighton Buzzard. Offered with NO UPPER CHAIN. The property is ideally situated in ...","£250,000","M & M Properties, Leighton Buzzard - Sales",https://media.rightmove.co.uk:443/dir/crop/10:9-16:9/3k/2932/68128374/2932_29455123_IMG_13_0000_max_476x317.jpg
3 bedroom semi-detached house for sale,"Hockwell Ring, Luton, LU4","We are delighted to offer for sale this spacious three bedroom semi detached family home located in Hockwell Ring. The property comprises of entrance hall, through lounge/diner, kitchen, upstairs are three good sized double bedrooms and a family bathroom. Externally to the front is ample off ...","£250,000","Purplebricks, covering London",https://media.rightmove.co.uk:443/dir/crop/10:9-16:9/152k/151079/71770551/151079_641357-1_IMG_01_0000_max_476x317.jpg
3 bedroom semi-detached house for sale,"Lalleford Road, Vauxhall Park, Luton, Bedfordshire, LU2 9JH","*** SPACIOUS, BRIGHT & AIRY FAMILY HOME *** INDIGO RESIDENTIAL are delighted to offer for sale this WELL PRESENTED property located in the Vauxhall Park area of Luton. This property has...","£280,000","Indigo Residential, Stopsley",https://media.rightmove.co.uk:443/dir/crop/10:9-16:9/75k/74104/95074217/74104_555850_IMG_14_0000_max_476x317.jpg
3 bedroom semi-detached house for sale,"Rodeheath, Luton, Bedfordshire, LU4","This three bedroom family home benefits from plenty of natural light, even on the gloomiest of days. The open plan living and dining area allowing plenty of space and light, leading to the separate kitchen. Buyers will enjoy the easy access to the garden, which benefits from the width of the plot...","£250,000","Taylors Estate Agents, Leagrave",https://media.rightmove.co.uk:443/dir/crop/10:9-16:9/1k/440/70837461/440_LLE200057_IMG_01_0000_max_476x317.JPG
3 bedroom semi-detached house for sale,"Chalton Road, Luton, Bedfordshire, LU4","This chain free three bedroom family home boasts plenty of living space and natural light with it's lounge opening into the dining area. Like the dining area, the kitchen to the rear opens out into the garden with a generous lawn, patio and abundance of manicured, but established trees ensuring a...","£250,000","Taylors Estate Agents, Leagrave",https://media.rightmove.co.uk:443/dir/crop/10:9-16:9/1k/440/71965092/440_LLE190534_IMG_06_0000_max_476x317.JPG
3 bedroom semi-detached house for sale,FAMILY HOME on Mangrove Road,"Set at a realistic price, this three bedroom semi detached home offers spacious accommodation throughout combined with a sought after location. The property briefly comprises; entrance hall, lounge/diner, kitchen, bathroom, landing, three good size bedrooms, W.C. front and rear gardens. The prope...","£250,000","Esquire Estates, Luton",https://media.rightmove.co.uk:443/dir/crop/10:9-16:9/190k/189719/68468628/189719_9956025_IMG_13_0000_max_476x317.jpg
3 bedroom mobile home for sale,"Whelpley Hill Park, Whelpley Hill, Chesham, Buckinghamshire, HP5","Found on the always popular park home site of Whelpley Hill Park is this stunning three bedroom bedroom double unit. Boasting a lounge/diner, kitchen, three bedrooms and bathroom and also measuring over 700sq ft this makes for ideal living. Further features include a beautiful wrap around garden,...","£240,000","Taylors Estate Agents, Hemel Hempstead",https://media.rightmove.co.uk:443/dir/crop/10:9-16:9/1k/433/95075504/433_LHH200141_IMG_01_0000_max_476x317.jpg
3 bedroom detached house for sale,"Brickly Road, Luton","***CHAIN FREE***Located giving easy access to the M1 and the Thameslink mainline train station this spacious three bedroom terrace property is well presented throughout and benefits from a garage and off street parking. The property's briefly comprises; entrance hall, lounge, open plan kitche...","£235,000","Esquire Estates, Luton",https://media.rightmove.co.uk:443/dir/crop/10:9-16:9/190k/189719/71722440/189719_10358935_IMG_01_0000_max_476x317.jpg
3 bedroom park home for sale,"Meadow Close, Bricket Wood, St. Albans","INCLUDES 10% SITE OWNERS FEE. Council Tax band A. No age or pet restrictions. EXTENDED THREE bedroom Park Home, boasting a well-kept garden, pitch roof added in 2002 with 30-year guarantee, boiler replaced 2013. The accommodation comprises a living room and separate fitted kitchen, bathroom, WC a...","£230,000","JW&Co, Park Street",https://media.rightmove.co.uk:443/dir/crop/10:9-16:9/17k/16547/64917063/16547_29075350_IMG_10_0000_max_476x317.jpg
3 bedroom detached house for sale,"Whelpley Hill,Chesham,HP5","Set in a private gated development, in the idyllic village of Whelpley Hill, an opportunity to purchase a three bedroom park home with no chain","£225,000","Chancellors, Chesham",https://media.rightmove.co.uk:443/dir/crop/10:9-16:9/31k/30422/83790986/30422_3154386_IMG_11_0000_max_476x317.jpg
3 bedroom park home for sale,"Beech Park, Chesham Road, Wigginton","Set high in The Chilterns Area of Outstanding Natural Beauty, this attractive park home features a wonderful vaulted, open plan living area, a beautifully planted garden and allocated parking.","£175,000","Cesare & Co, Tring",https://media.rightmove.co.uk:443/dir/crop/10:9-16:9/21k/20654/71404827/20654_10005119_CESA_IMG_01_0000_max_476x317.jpg
